,Outlier_Mean,Inlier_Mean,Difference_Pct
Open,2277.6149291992188,2755.227306598166,-17.334772207547815
High,2316.717529296875,2770.506789232337,-16.37928705676262
Low,2261.020004272461,2737.4888671875,-17.40532604994898
Close,2305.2400512695312,2753.341726817255,-16.274829643674863
Volume,4856605000.0,4076921304.347826,19.12432537809061
CPI,246.0375,255.08109565217393,-3.545380589279612
Unemployment,9.225000000000001,5.782608695652175,59.53007518796992
M2_Money_Supply,14083.474999999999,14783.134782608699,-4.7328242141971115
GDP,18925.42325,20703.59627826087,-8.588715720504952
