,Outlier_Mean,Inlier_Mean,Difference_Pct
Open,2605.6806989397323,2756.9720970517114,-5.487592648245123
High,2628.5728759765625,2772.1441010974704,-5.179067894200347
Low,2593.35646711077,2738.5553257533484,-5.302023927620871
Close,2612.761457170759,2755.015222749256,-5.1634475339319685
Volume,4363796428.571428,4068373523.8095236,7.261449889814396
CPI,251.2119285714286,255.25246666666666,-1.582957511832629
Unemployment,7.571428571428571,5.675238095238095,33.411646249370705
M2_Money_Supply,14491.42142857143,14795.37619047619,-2.054390222942874
GDP,19993.226285714285,20730.572352380954,-3.556805157779365
